mutation,escape
N331A,0.005095
N331D,0.002773
N331E,0.006916
N331F,0.01158
N331G,0.005301
N331H,0.004418
N331I,0.004423
N331K,0.003815
N331L,0.006215
N331M,0.007596
N331P,0.004421
N331Q,0.006941
N331R,0.003973
N331S,0.004792
N331T,0.00428
N331V,0.006028
I332A,0.002093
I332C,0.004007
I332D,0.004642
I332E,0.004205
I332F,0.00711
I332G,0.003833
I332H,0.005015
I332K,0.003583
I332L,0.004209
I332M,0.004421
I332N,0.004249
I332P,0.004838
I332Q,0.002339
I332R,0.00664
I332S,0.005115
I332T,0.006199
I332V,0.003282
I332W,0.006349
I332Y,0.003139
T333A,0.003885
T333C,0.00532
T333D,0.005326
T333E,0.003598
T333F,0.004671
T333G,0.004168
T333H,0.004302
T333K,0.004247
T333L,0.00329
T333M,0.004344
T333N,0.004029
T333P,0.002918
T333Q,0.00393
T333R,0.002827
T333S,0.004969
T333V,0.007007
T333W,0.005757
T333Y,0.007579
N334A,0.004679
N334C,0.006472
N334D,0.004539
N334E,0.005147
N334F,0.0124
N334G,0.005631
N334H,0.005629
N334I,0.00481
N334K,0.008782
N334L,0.00849
N334M,0.004362
N334P,0.005002
N334Q,0.004348
N334R,0.003911
N334S,0.006198
N334T,0.005064
N334V,0.007203
N334Y,0.005232
L335A,0.001885
L335C,0.004303
L335D,0.005282
L335E,0.00501
L335F,0.006582
L335G,0.003994
L335H,0.004311
L335I,0.009464
L335K,0.005031
L335M,0.005541
L335N,0.002126
L335P,0.004753
L335Q,0.006596
L335R,0.003159
L335S,0.005071
L335T,0.005783
L335V,0.003333
L335W,0.002959
L335Y,0.003876
C336G,0.00524
P337A,0.005024
P337C,0.004507
P337D,0.003766
P337E,0.004312
P337G,0.003913
P337H,0.008016
P337K,0.005781
P337L,0.009441
P337M,0.004505
P337N,0.004089
P337Q,0.00639
P337R,0.004788
P337S,0.00455
P337T,0.01105
F338I,0.004849
F338L,0.003144
F338M,0.005458
F338W,0.004014
F338Y,0.006328
G339A,0.003749
G339D,0.004912
G339E,0.005982
G339F,0.005578
G339H,0.003369
G339I,0.006251
G339K,0.001859
G339L,0.008573
G339M,0.004631
G339N,0.004725
G339P,0.006801
G339Q,0.004668
G339R,0.00533
G339S,0.003071
G339T,0.004364
G339V,0.006934
G339W,0.004795
G339Y,0.004621
E340A,0.004622
E340D,0.004348
E340G,0.004752
E340K,0.006636
E340L,0.009482
E340M,0.01218
E340N,0.005873
E340P,0.003977
E340Q,0.005213
E340S,0.009513
E340T,0.00624
V341I,0.002962
V341L,0.004064
F342I,0.005884
F342L,0.009989
F342M,0.01228
A344E,0.006105
A344K,0.006609
A344N,0.007118
A344Q,0.003927
A344R,0.006349
A344S,0.005657
T345A,0.003761
T345D,0.006281
T345E,0.003728
T345K,0.004756
T345P,0.005118
T345R,0.004118
T345S,0.003605
R346A,0.004692
R346C,0.002916
R346D,0.00457
R346E,0.001997
R346F,0.004236
R346G,0.00592
R346H,0.003679
R346I,0.006022
R346K,0.004382
R346L,0.005829
R346M,0.005519
R346N,0.003534
R346Q,0.004377
R346S,0.008152
R346T,0.003949
R346V,0.005029
R346W,0.006603
R346Y,0.004565
F347N,0.02131
F347W,0.004655
A348D,0.002634
A348E,0.005739
A348G,0.007679
A348H,0.008632
A348K,0.006125
A348N,0.003108
A348P,0.004051
A348Q,0.003791
A348S,0.004048
A348Y,0.004746
S349H,0.005409
S349N,0.004871
S349P,0.005719
Y351F,0.004892
Y351H,0.00232
Y351W,0.006322
A352C,0.002265
A352E,0.00708
A352G,0.009902
A352H,0.006103
A352K,0.005224
A352M,0.00451
A352N,0.00399
A352Q,0.004981
A352R,0.004635
A352S,0.005109
A352Y,0.01463
W353F,0.004597
N354A,0.005006
N354C,0.004994
N354D,0.004395
N354E,0.001002
N354G,0.005636
N354H,0.004995
N354K,0.003895
N354M,0.002772
N354Q,0.00218
N354R,0.003087
N354S,0.003944
N354T,0.005748
N354V,0.008292
K356A,0.004875
K356C,0.00228
K356E,0.003098
K356H,0.004601
K356I,0.004605
K356L,0.006345
K356M,0.008132
K356N,0.005117
K356Q,0.004695
K356R,0.004094
K356S,0.005046
K356T,0.005789
K356V,0.004189
K356Y,0.009394
R357A,0.004443
R357C,0.003815
R357D,0.003961
R357E,0.01323
R357H,0.004564
R357I,0.0054
R357K,0.004868
R357L,0.007381
R357M,0.005654
R357N,0.00211
R357P,0.004887
R357Q,0.006667
R357S,0.004209
R357T,0.004332
R357V,0.006021
R357W,0.004328
R357Y,0.007598
I358C,0.00677
I358F,0.00359
I358L,0.006612
I358M,0.005917
I358V,0.005545
I358W,0.00375
I358Y,0.004666
S359A,0.005102
S359C,0.004695
S359D,0.00227
S359E,0.005983
S359F,0.009026
S359G,0.003223
S359H,0.006222
S359I,0.005952
S359K,0.005493
S359M,0.006793
S359N,0.004509
S359P,0.001689
S359Q,0.003691
S359R,0.004593
S359T,0.003977
S359V,0.004456
S359W,0.006987
S359Y,0.00431
N360C,0.005836
N360D,0.002128
N360E,0.006573
N360F,0.002264
N360G,0.002203
N360H,0.001401
N360K,0.005517
N360M,0.004398
N360Q,0.006189
N360R,0.006242
N360S,0.005223
N360W,0.008779
C361E,0.005928
C361N,0.006647
C361P,0.003973
V362A,0.007855
V362C,0.004708
V362D,0.004508
V362E,0.004851
V362F,0.02424
V362G,0.004468
V362H,0.004373
V362I,0.004647
V362K,0.00968
V362L,0.006196
V362M,0.003813
V362N,0.002354
V362Q,0.003726
V362R,0.003437
V362S,0.002509
V362T,0.005662
V362W,0.006517
V362Y,0.003834
A363C,0.00503
A363F,0.004266
A363G,0.003525
A363H,0.004935
A363I,0.004997
A363L,0.005157
A363M,0.003103
A363P,0.007978
A363Q,0.004856
A363S,0.003629
A363T,0.004429
A363V,0.004266
A363W,0.002366
A363Y,0.003594
Y365A,0.006696
Y365C,0.009607
Y365F,0.003792
Y365G,0.007248
Y365I,0.003961
Y365L,0.003788
Y365M,0.004508
Y365P,0.006569
Y365T,0.008495
Y365V,0.00544
Y365W,0.003844
S366A,0.002755
S366D,0.003685
S366E,0.004183
S366F,0.005682
S366G,0.004329
S366H,0.005313
S366I,0.004467
S366K,0.006399
S366L,0.006032
S366M,0.003811
S366N,0.004307
S366P,0.004045
S366Q,0.003291
S366R,0.004719
S366T,0.006832
S366V,0.008787
S366W,0.002788
V367A,0.005594
V367C,0.005576
V367D,0.003806
V367E,0.004634
V367F,0.004012
V367G,0.004546
V367H,0.01008
V367I,0.003467
V367K,0.003332
V367L,0.002716
V367M,0.003275
V367N,0.00868
V367P,0.004847
V367Q,0.002572
V367R,0.005251
V367S,0.003684
V367T,0.004125
V367W,0.004594
V367Y,0.003095
L368F,0.00557
L368I,0.005539
L368M,0.007408
L368V,0.004928
Y369A,0.005171
Y369C,0.005212
Y369D,0.006965
Y369E,0.003551
Y369F,0.004325
Y369G,0.005087
Y369H,0.003556
Y369I,0.005681
Y369K,0.006487
Y369L,0.004489
Y369M,0.004369
Y369N,0.00551
Y369P,0.003509
Y369Q,0.006351
Y369R,0.005557
Y369S,0.008528
Y369T,0.003899
Y369V,0.004391
Y369W,0.004624
N370A,0.00304
N370D,0.004696
N370E,0.005215
N370G,0.004112
N370H,0.01125
N370K,0.005083
N370L,0.006628
N370M,0.002182
N370P,0.007378
N370Q,0.004028
N370R,0.005456
N370S,0.002636
N370T,0.002457
N370Y,0.004916
S371A,0.009197
S371C,0.007547
S371D,0.003591
S371E,0.003803
S371F,0.004096
S371G,0.005167
S371H,0.003929
S371I,0.003049
S371K,0.008189
S371L,0.005134
S371M,0.007821
S371N,0.004188
S371P,0.0062
S371Q,0.003915
S371R,0.003976
S371T,0.008622
S371V,0.006373
S371W,0.005321
S371Y,0.002844
A372D,0.003715
A372E,0.003306
A372F,0.007213
A372G,0.004341
A372H,0.004316
A372I,0.005318
A372K,0.00532
A372L,0.004144
A372M,0.005033
A372N,0.002996
A372P,0.006864
A372Q,0.004663
A372R,0.003548
A372S,0.002318
A372T,0.005162
A372V,0.003784
A372W,0.006162
A372Y,0.005172
S373A,0.006223
S373C,0.005286
S373D,0.004679
S373E,0.005279
S373F,0.008168
S373G,0.004407
S373H,0.003914
S373I,0.004825
S373K,0.0044
S373L,0.005628
S373M,0.002779
S373N,0.003827
S373P,0.00326
S373Q,0.002053
S373R,0.004358
S373T,0.003679
S373V,0.005553
S373W,0.003722
S373Y,0.004238
F374A,0.006957
F374D,0.005018
F374H,0.006967
F374I,0.006733
F374L,0.009147
F374M,0.002464
F374N,0.006091
F374Q,0.003733
F374T,0.007226
F374V,0.01225
F374W,0.003994
F374Y,0.004058
S375A,0.001855
S375D,0.004491
S375E,0.005414
S375G,0.005352
S375H,0.003877
S375K,0.004857
S375N,0.005951
S375Q,0.005129
S375T,0.003873
T376C,0.00697
T376D,0.00734
T376E,0.002638
T376F,0.004772
T376H,0.006285
T376I,0.008121
T376K,0.006376
T376L,0.003365
T376M,0.003345
T376N,0.005148
T376Q,0.005365
T376S,0.004849
T376V,0.003395
T376W,0.004441
T376Y,0.003635
F377I,0.007575
F377L,0.00817
F377M,0.00693
F377V,0.004118
F377W,0.003957
K378A,0.00491
K378C,0.008101
K378D,0.004456
K378E,0.004842
K378H,0.006854
K378I,0.006463
K378L,0.006831
K378M,0.004256
K378N,0.006591
K378Q,0.004244
K378R,0.004649
K378S,0.006172
K378T,0.005759
K378V,0.006656
Y380F,0.005894
Y380W,0.004209
G381H,0.008574
G381K,0.0059
G381N,0.00479
G381Q,0.005163
G381R,0.00814
G381S,0.006638
V382C,0.005156
V382F,0.009058
V382I,0.005009
V382L,0.004255
V382M,0.007007
V382T,0.004701
V382Y,0.004261
S383A,0.002804
S383C,0.004209
S383D,0.003227
S383E,0.002814
S383H,0.005447
S383I,0.004386
S383K,0.003317
S383L,0.007236
S383M,0.004433
S383N,0.003268
S383P,0.004654
S383Q,0.004258
S383R,0.00506
S383T,0.00305
S383V,0.004737
S383Y,0.003602
P384A,0.004189
P384E,0.004238
P384F,0.005754
P384G,0.1692
P384H,0.003855
P384I,0.005053
P384K,0.003333
P384L,0.005132
P384M,0.004882
P384N,0.00576
P384Q,0.004317
P384R,0.004249
P384S,0.003806
P384T,0.00506
P384V,0.004379
P384W,0.004403
P384Y,0.00395
T385A,0.004259
T385C,0.00838
T385D,0.003609
T385E,0.005204
T385F,0.003452
T385G,0.001378
T385H,0.003275
T385I,0.005151
T385K,0.003511
T385L,0.00459
T385M,0.0071
T385N,0.004739
T385P,0.008885
T385Q,0.006672
T385R,0.005252
T385S,0.005888
T385V,0.005583
T385W,0.008156
T385Y,0.003559
K386A,0.005638
K386C,0.01142
K386D,0.005793
K386E,0.002028
K386G,0.003193
K386H,0.006614
K386I,0.006172
K386L,0.001599
K386M,0.002647
K386N,0.003947
K386Q,0.00522
K386R,0.006745
K386S,0.006689
K386T,0.004094
K386V,0.004543
K386Y,0.005023
L387I,0.005171
L387M,0.007872
N388A,0.01095
N388D,0.004407
N388E,0.004199
N388G,0.003604
N388H,0.004025
N388K,0.006653
N388L,0.005239
N388M,0.005561
N388P,0.003944
N388Q,0.002395
N388R,0.006792
N388S,0.007427
N388T,0.005541
N388V,0.01202
D389A,0.004013
D389C,0.00554
D389E,0.003334
D389F,0.002891
D389G,0.006136
D389H,0.002243
D389K,0.005913
D389L,0.008672
D389M,0.006898
D389N,0.007908
D389Q,0.004975
D389R,0.00601
D389S,0.005253
D389T,0.004868
D389W,0.005185
D389Y,0.004427
L390A,0.005607
L390C,0.005272
L390D,0.08545
L390E,0.005875
L390F,0.004301
L390G,0.008692
L390H,0.005728
L390I,0.007547
L390K,0.004505
L390M,0.003417
L390N,0.004826
L390Q,0.004137
L390R,0.006464
L390S,0.00777
L390T,0.004361
L390V,0.009162
L390W,0.005775
L390Y,0.002704
C391A,0.005522
C391D,0.004866
C391E,0.003886
C391F,0.004672
C391G,0.003518
C391H,0.007785
C391I,0.006281
C391K,0.006475
C391L,0.005213
C391M,0.005935
C391N,0.005599
C391P,0.004059
C391Q,0.006334
C391R,0.003227
C391S,0.004313
C391T,0.004807
C391V,0.003717
C391W,0.005887
C391Y,0.007697
F392A,0.005342
F392C,0.00495
F392H,0.004719
F392I,0.00402
F392L,0.005279
F392M,0.006107
F392N,0.008008
F392P,0.005763
F392S,0.006763
F392T,0.006065
F392V,0.004223
F392W,0.005166
F392Y,0.004827
T393A,0.005009
T393C,0.004603
T393D,0.003433
T393E,0.004858
T393G,0.004527
T393H,0.003588
T393I,0.00615
T393K,0.005178
T393L,0.007343
T393M,0.008362
T393N,0.004129
T393Q,0.009407
T393R,0.003964
T393S,0.005793
T393V,0.005677
T393Y,0.002289
N394A,0.00319
N394C,0.008213
N394D,0.005878
N394E,0.005373
N394F,0.004182
N394G,0.004671
N394H,0.002146
N394I,0.005196
N394K,0.004079
N394L,0.00491
N394M,0.004459
N394P,0.004808
N394Q,0.004018
N394R,0.008452
N394S,0.003
N394T,0.006924
N394V,0.005707
N394W,0.00393
N394Y,0.004672
V395A,0.004946
V395C,0.002987
V395G,0.007865
V395I,0.004002
V395L,0.003594
V395M,0.004658
Y396C,0.005171
Y396F,0.003156
Y396H,0.004259
Y396I,0.00616
Y396L,0.004436
Y396M,0.007397
Y396N,0.006595
Y396Q,0.003124
Y396S,0.009174
Y396T,0.006153
Y396V,0.003516
Y396W,0.00416
A397C,0.00487
A397I,0.006173
A397L,0.004019
A397V,0.004601
S399T,0.005608
S399Y,0.003692
V401I,0.005233
I402C,0.009271
I402L,0.004732
I402V,0.003912
R403A,0.004401
R403K,0.006945
R403M,0.004708
R403N,0.005697
R403Q,0.002213
R403S,0.004188
R403T,0.005252
G404A,0.0025
G404K,0.007904
G404Q,0.003048
D405A,0.003024
D405E,0.004695
D405F,0.000154
D405K,0.004312
D405L,0.00398
D405N,0.003918
D405R,0.005195
D405S,0.004835
D405T,0.004373
D405Y,0.002737
E406D,0.004361
E406Q,0.004778
E406W,0.006382
V407I,0.004148
V407L,0.002932
R408A,0.003958
R408C,0.005632
R408D,0.004595
R408E,0.004489
R408F,0.006536
R408G,0.007363
R408H,0.00378
R408I,0.002419
R408K,0.004935
R408L,0.006152
R408M,0.002225
R408P,0.009067
R408S,0.003443
R408T,0.003994
R408V,0.005228
R408W,0.00337
R408Y,0.004361
Q409E,0.00179
Q409N,0.1505
I410V,0.005052
A411E,0.003425
A411G,0.006812
A411Q,0.01042
A411R,0.009403
A411S,0.008437
G413A,0.00426
G413C,0.006126
G413F,0.003559
G413H,0.008656
G413K,0.007819
G413L,0.00932
G413M,0.006055
G413N,0.005567
G413Q,0.007092
G413R,0.004257
G413S,0.00605
G413Y,0.00487
Q414A,0.0048
Q414C,0.00415
Q414E,0.004327
Q414G,0.007912
Q414I,0.003629
Q414K,0.006707
Q414M,0.003406
Q414R,0.00405
Q414S,0.005554
Q414T,0.003852
Q414V,0.01166
T415A,0.007303
T415D,0.01063
T415E,0.005378
T415G,0.004615
T415H,0.00157
T415I,0.005732
T415K,0.00404
T415M,0.006526
T415N,0.003345
T415Q,0.004217
T415R,0.002159
T415S,0.005184
T415V,0.005893
T415Y,0.005574
K417A,0.005796
K417C,0.00529
K417D,0.01021
K417E,0.009176
K417F,0.004227
K417G,0.005073
K417H,0.005475
K417I,0.005173
K417L,0.006097
K417M,0.003428
K417N,0.007537
K417P,0.004385
K417Q,0.005514
K417R,0.002469
K417S,0.009354
K417T,0.006846
K417V,0.006205
K417W,0.007856
K417Y,0.002387
I418V,0.008083
A419P,0.006088
A419S,0.007467
D420A,0.006064
D420E,0.01358
D420K,0.01538
D420M,0.003798
D420N,0.004409
D420Q,0.009208
D420R,0.03267
D420S,0.007268
Y421F,0.009359
Y421L,0.00821
Y421M,0.01297
Y421W,0.009792
K424H,0.004385
K424R,0.007452
L425I,0.003934
L425M,0.008399
L425V,0.003147
D427A,0.005365
D427E,0.005835
D427F,0.004454
D427G,0.00724
D427H,0.00395
D427I,0.005097
D427K,0.005368
D427L,0.005009
D427M,0.003545
D427N,0.005767
D427P,0.00454
D427Q,0.009357
D427R,0.008324
D427S,0.002843
D427T,0.004142
D427V,0.005173
D427W,0.005613
D427Y,0.004754
D428A,0.004751
D428E,0.004739
D428G,0.006839
D428H,0.008679
D428K,0.004596
D428N,0.002894
D428P,0.008337
D428Q,0.005981
D428R,0.009496
D428S,0.00507
D428T,0.006045
F429W,0.008056
T430A,0.0064
T430C,0.008259
T430F,0.004233
T430H,0.003561
T430I,0.004232
T430K,0.006447
T430L,0.003734
T430M,0.00417
T430N,0.005635
T430Q,0.004722
T430R,0.004864
T430S,0.008283
T430V,0.004766
T430W,0.007418
T430Y,0.004281
V433I,0.006311
I434F,0.005409
I434L,0.003257
I434M,0.007498
I434V,0.003994
I434W,0.004506
I434Y,0.005299
A435S,0.004848
A435T,0.006592
N437P,0.00963
S438A,0.006796
S438T,0.01003
N439C,0.002104
N439D,0.006782
N439H,0.003953
N439K,0.002149
N439L,0.004657
N439M,0.004514
N439Q,0.004998
N439S,0.007428
N439T,0.005268
N439V,0.0051
N439Y,0.01295
N440A,0.004699
N440C,0.004573
N440D,0.003656
N440E,0.002174
N440F,0.004452
N440G,0.00216
N440H,0.002503
N440I,0.00515
N440K,0.004443
N440L,0.004259
N440M,0.007217
N440P,0.005745
N440Q,0.004862
N440R,0.004331
N440S,0.004166
N440T,0.004078
N440V,0.005325
N440Y,0.004902
L441A,0.002361
L441D,0.002264
L441F,0.005695
L441H,0.004363
L441I,0.004043
L441K,0.00239
L441Q,0.004108
L441R,0.008747
L441S,0.006978
L441T,0.002999
L441V,0.003116
L441W,0.002755
L441Y,0.006538
S443A,0.00765
S443C,0.002094
S443G,0.007742
S443N,0.01122
S443Q,0.006802
S443T,0.004963
S443V,0.008378
S443Y,0.00498
K444A,0.004234
K444C,0.006468
K444D,0.004509
K444E,0.004879
K444F,0.004017
K444G,0.003581
K444H,0.002742
K444I,0.0036
K444L,0.006032
K444M,0.003778
K444N,0.003925
K444P,0.006351
K444Q,0.005221
K444R,0.004356
K444S,0.003708
K444T,0.004133
K444V,0.003294
K444W,0.006343
K444Y,0.004817
V445A,0.004618
V445C,0.004586
V445D,0.005931
V445E,0.00401
V445F,0.004409
V445G,0.00438
V445H,0.004216
V445I,0.002244
V445K,0.006977
V445L,0.00468
V445M,0.004724
V445N,0.003899
V445P,0.003897
V445Q,0.004567
V445R,0.004038
V445S,0.004044
V445T,0.002684
V445W,0.004393
V445Y,0.00638
G446A,0.004972
G446C,0.06446
G446D,0.004729
G446E,0.003811
G446F,0.006198
G446H,0.004874
G446I,0.005085
G446K,0.005001
G446L,0.004446
G446M,0.004952
G446N,0.00243
G446P,0.005846
G446Q,0.00625
G446R,0.005243
G446S,0.006867
G446T,0.004339
G446V,0.007232
G446W,0.006445
G446Y,0.006444
G447A,0.001495
G447C,0.006074
G447D,0.003505
G447E,0.004636
G447F,0.002955
G447H,0.003511
G447I,0.004222
G447K,0.00793
G447L,0.004252
G447M,0.00798
G447N,0.004167
G447P,0.006549
G447Q,0.00446
G447R,0.008102
G447S,0.008416
G447T,0.006814
G447V,0.005531
G447Y,0.2953
N448A,0.003479
N448C,0.009062
N448D,0.007381
N448E,0.005015
N448G,0.001881
N448H,0.004245
N448K,0.004452
N448M,0.005805
N448P,0.1072
N448Q,0.003941
N448R,0.006823
N448S,0.006017
N448T,0.003464
N448V,0.007088
N448Y,0.004877
Y449A,0.003464
Y449C,0.004035
Y449D,0.004012
Y449E,0.004713
Y449F,0.002484
Y449G,0.009259
Y449H,0.004548
Y449I,0.005093
Y449K,0.003644
Y449L,0.004981
Y449M,0.00423
Y449N,0.004781
Y449P,0.004801
Y449Q,0.004478
Y449R,0.004078
Y449S,0.003344
Y449T,0.005846
Y449V,0.001471
Y449W,0.005554
N450A,0.004134
N450C,0.004922
N450D,0.00479
N450E,0.003792
N450F,0.005634
N450G,0.004404
N450H,0.004358
N450I,0.005831
N450K,0.004141
N450L,0.005521
N450M,0.005044
N450P,0.005348
N450Q,0.004115
N450R,0.002898
N450S,0.004429
N450T,0.008112
N450V,0.005559
N450W,0.005275
N450Y,0.01192
Y451F,0.003879
Y451H,0.005364
Y451I,0.007455
Y451L,0.00502
Y451M,0.004862
Y451Q,0.005821
L452A,0.005248
L452C,0.004154
L452D,0.00689
L452E,0.002301
L452F,0.002363
L452G,0.004524
L452H,0.004368
L452I,0.003782
L452K,0.005128
L452M,0.00366
L452N,0.005435
L452Q,0.004154
L452R,0.00327
L452S,0.004499
L452T,0.005787
L452V,0.004702
L452W,0.004041
L452Y,0.004355
Y453A,0.006929
Y453F,0.007083
Y453H,0.004844
Y453K,0.01283
Y453M,0.008544
Y453R,0.007547
Y453S,0.008099
Y453V,0.0113
L455A,0.004882
L455C,0.005847
L455D,0.001965
L455E,0.004527
L455F,0.01018
L455G,0.003692
L455H,0.004168
L455I,0.002311
L455K,0.003753
L455M,0.004337
L455N,0.002883
L455P,0.004462
L455R,0.005341
L455S,0.004031
L455T,0.003826
L455V,0.0042
L455W,0.003846
L455Y,0.004615
F456A,0.00908
F456C,0.005458
F456G,0.03917
F456H,0.005622
F456I,0.009122
F456K,0.008537
F456L,0.004862
F456M,0.00247
F456Q,0.004844
F456R,0.005084
F456T,0.006624
F456V,0.005251
F456W,0.004842
F456Y,0.006542
K458A,0.0062
K458D,0.004089
K458E,0.004445
K458F,0.006653
K458G,0.003377
K458H,0.005094
K458I,0.009691
K458L,0.003785
K458M,0.004313
K458N,0.005565
K458P,0.006733
K458Q,0.00491
K458R,0.006259
K458S,0.004626
K458T,0.003789
K458V,0.006611
K458W,0.006213
K458Y,0.006742
S459A,0.002954
S459C,0.007352
S459D,0.005284
S459E,0.002808
S459F,0.01128
S459G,0.004088
S459H,0.004677
S459I,0.004325
S459K,0.003987
S459L,0.01361
S459M,0.003812
S459N,0.005561
S459P,0.008423
S459Q,0.004886
S459R,0.003708
S459T,0.002015
S459V,0.003168
S459Y,0.006308
N460A,0.006862
N460C,0.00586
N460D,0.005359
N460E,0.00775
N460F,0.01109
N460G,0.01773
N460H,0.00526
N460I,0.003886
N460K,0.004387
N460L,0.007429
N460M,0.006588
N460P,0.01078
N460Q,0.005111
N460R,0.007008
N460S,0.002525
N460T,0.003564
N460V,0.004172
N460Y,0.006844
L461I,0.005134
L461M,0.006948
L461V,0.005833
K462A,0.006193
K462C,0.003683
K462D,0.004614
K462E,0.003824
K462F,0.005071
K462G,0.004585
K462H,0.004098
K462I,0.005369
K462L,0.004532
K462M,0.006555
K462N,0.005102
K462Q,0.004372
K462R,0.003948
K462S,0.003943
K462T,0.004151
K462V,0.009194
K462Y,0.008003
P463A,0.005308
P463W,0.1193
F464A,0.007897
F464G,0.00456
F464H,0.006902
F464L,0.01046
F464M,0.008523
F464N,0.007362
F464Q,0.005854
F464S,0.009047
F464W,0.004332
F464Y,0.003153
E465D,0.01037
E465G,0.006173
E465H,0.003662
E465Q,0.006214
R466H,0.006912
R466K,0.004884
R466Q,0.005558
I468A,0.003819
I468C,0.006025
I468D,0.0023
I468E,0.003997
I468G,0.005376
I468H,0.005747
I468K,0.006088
I468L,0.006353
I468M,0.007657
I468N,0.008251
I468P,0.01056
I468Q,0.00716
I468R,0.01153
I468S,0.01212
I468T,0.004175
I468V,0.004063
I468Y,0.004775
S469A,0.004692
S469C,0.01195
S469D,0.001969
S469E,0.005315
S469G,0.007677
S469K,0.006424
S469N,0.005973
S469Q,0.009253
S469R,0.006742
S469T,0.003659
T470A,0.004724
T470C,0.004785
T470D,0.005007
T470E,0.004264
T470F,0.007256
T470G,0.008139
T470H,0.004243
T470I,0.005817
T470K,0.007065
T470L,0.005887
T470M,0.004619
T470N,0.008442
T470Q,0.004311
T470R,0.004863
T470S,0.002708
T470V,0.0115
T470Y,0.006228
E471A,0.002985
E471C,0.00609
E471D,0.003851
E471F,0.004515
E471G,0.007667
E471H,0.004808
E471I,0.004963
E471K,0.007133
E471L,0.009756
E471M,0.008359
E471N,0.004585
E471P,0.003626
E471Q,0.005141
E471R,0.003226
E471S,0.00672
E471T,0.002431
E471V,0.006347
E471Y,0.006953
I472A,0.005635
I472C,0.005116
I472D,0.008572
I472E,0.006993
I472F,0.004584
I472G,0.01449
I472H,0.006899
I472K,0.005832
I472L,0.006085
I472M,0.00422
I472N,0.009384
I472P,0.002635
I472Q,0.008532
I472S,0.008641
I472T,0.005416
I472V,0.004441
I472W,0.008591
I472Y,0.005975
Y473A,0.02067
Y473C,0.03001
Y473E,0.03938
Y473F,0.006042
Y473H,0.004439
Y473I,0.005761
Y473L,0.01113
Y473M,0.005293
Y473N,0.01417
Y473Q,0.01066
Y473S,0.01068
Y473T,0.007071
Y473V,0.006478
Y473W,0.004149
Q474A,0.001422
Q474D,0.006127
Q474E,0.008196
Q474G,0.004238
Q474H,0.003672
Q474K,0.004191
Q474M,0.01361
Q474N,0.004516
Q474P,0.02563
Q474R,0.008471
Q474S,0.006188
Q474T,0.005271
Q474V,0.007174
A475C,0.008063
A475D,0.009167
A475E,0.00441
A475F,0.008889
A475G,0.00443
A475I,0.01096
A475K,0.009672
A475L,0.003757
A475M,0.005821
A475N,0.4495
A475Q,0.002382
A475R,0.005398
A475S,0.0091
A475T,0.01153
A475V,0.005275
A475Y,0.4579
G476A,0.005406
G476D,0.005845
G476E,0.005955
G476H,0.004162
G476K,0.01233
G476N,0.005994
G476Q,0.005
G476R,0.004674
G476S,0.005438
G476T,0.00824
S477A,0.004522
S477C,0.005403
S477D,0.003107
S477F,0.004266
S477G,0.003696
S477H,0.005036
S477I,0.007431
S477K,0.001845
S477L,0.005009
S477M,0.004104
S477N,0.003637
S477P,0.004153
S477Q,0.001783
S477R,0.005821
S477T,0.004114
S477V,0.002846
S477W,0.005951
S477Y,0.003509
T478A,0.003805
T478C,0.004201
T478D,0.001829
T478E,0.004222
T478F,0.004045
T478G,0.004072
T478H,0.004246
T478I,0.00521
T478K,0.004656
T478L,0.006158
T478M,0.006312
T478N,0.006291
T478P,0.005463
T478Q,0.003936
T478R,0.005773
T478S,0.004
T478V,0.004716
T478W,0.004919
T478Y,0.005506
P479A,0.006396
P479C,0.01034
P479D,0.004489
P479E,0.006044
P479F,0.008891
P479G,0.006064
P479H,0.006204
P479I,0.005686
P479K,0.004377
P479L,0.005087
P479M,0.006558
P479N,0.005889
P479Q,0.004193
P479R,0.004078
P479S,0.007904
P479T,0.005646
P479V,0.005419
P479Y,0.005539
N481A,0.00492
N481C,0.007972
N481D,0.004868
N481E,0.003252
N481F,0.005333
N481G,0.004698
N481H,0.003943
N481I,0.00761
N481K,0.004997
N481L,0.006563
N481M,0.004846
N481P,0.006667
N481Q,0.005244
N481R,0.007613
N481S,0.00368
N481T,0.004867
N481V,0.005121
N481Y,0.006829
G482A,0.005188
G482C,0.008612
G482D,0.003342
G482E,0.001701
G482F,0.006821
G482H,0.00598
G482K,0.003919
G482L,0.0105
G482N,0.00893
G482P,0.01054
G482Q,0.006081
G482R,0.004821
G482S,0.005331
G482T,0.01003
G482Y,0.007682
V483A,0.003977
V483C,0.003826
V483D,0.01014
V483E,0.004558
V483F,0.003871
V483G,0.005195
V483H,0.002125
V483I,0.005403
V483K,0.004125
V483L,0.00421
V483M,0.006873
V483N,0.005621
V483P,0.001468
V483Q,0.004244
V483R,0.004618
V483S,0.003734
V483T,0.004656
V483W,0.00516
V483Y,0.004465
E484A,0.00218
E484C,0.004781
E484D,0.007055
E484F,0.005077
E484G,0.003854
E484H,0.005127
E484I,0.004583
E484K,0.004489
E484L,0.006674
E484M,0.02039
E484N,0.005085
E484P,0.003854
E484Q,0.008571
E484R,0.004728
E484S,0.007526
E484T,0.00343
E484V,0.004569
E484W,0.008132
E484Y,0.005953
G485A,0.005457
G485C,0.008835
G485D,0.00478
G485E,0.003305
G485H,0.00614
G485K,0.005124
G485M,0.004303
G485N,0.004472
G485P,0.007333
G485Q,0.002277
G485R,0.005162
G485S,0.006369
G485T,0.007314
F486A,0.004815
F486C,0.005004
F486D,0.004534
F486E,0.004295
F486G,0.003787
F486H,0.00626
F486I,0.0029
F486K,0.004326
F486L,0.001868
F486M,0.005895
F486N,0.003852
F486P,0.003806
F486Q,0.009461
F486R,0.002954
F486S,0.003895
F486T,0.004158
F486V,0.004099
F486W,0.004674
F486Y,0.003996
N487A,0.00695
N487D,0.004092
N487E,0.004481
N487F,0.01159
N487G,0.004476
N487H,0.004782
N487K,0.00547
N487L,0.0122
N487M,0.004398
N487Q,0.006464
N487R,0.01027
N487S,0.008326
N487T,0.01224
N487Y,0.006459
Y489F,0.003589
Y489H,0.004656
Y489I,0.004263
Y489L,0.01375
Y489M,0.004065
Y489P,0.002053
Y489Q,0.005381
Y489V,0.007107
Y489W,0.004468
F490A,0.003323
F490C,0.004366
F490D,0.00654
F490E,0.005114
F490G,0.007451
F490H,0.006115
F490I,0.004294
F490K,0.004008
F490L,0.005127
F490M,0.003967
F490N,0.005205
F490P,0.004637
F490Q,0.004769
F490R,0.006107
F490S,0.006179
F490T,0.0108
F490V,0.004637
F490W,0.005066
F490Y,0.004007
L492F,0.005423
L492I,0.004933
L492V,0.005872
Q493A,0.003796
Q493C,0.007914
Q493D,0.004607
Q493E,0.004157
Q493F,0.005405
Q493G,0.003844
Q493H,0.003575
Q493I,0.003384
Q493K,0.004379
Q493L,0.007499
Q493M,0.002263
Q493N,0.002966
Q493R,0.002685
Q493S,0.005187
Q493T,0.01028
Q493V,0.004713
Q493W,0.004001
Q493Y,0.004866
S494A,0.004012
S494C,0.004003
S494D,0.0006075
S494E,0.005126
S494F,0.005021
S494G,0.002224
S494H,0.003695
S494I,0.004037
S494K,0.001887
S494M,0.007202
S494N,0.003755
S494P,0.004183
S494Q,0.008524
S494R,0.004618
S494T,0.006371
S494V,0.004382
S494W,0.004939
S494Y,0.003332
G496A,0.005023
G496C,0.005609
G496D,0.005706
G496E,0.009774
G496F,0.002292
G496H,0.005155
G496I,0.003291
G496K,0.003785
G496L,0.004507
G496M,0.004095
G496N,0.003311
G496P,0.003216
G496Q,0.003768
G496R,0.006515
G496S,0.004326
G496T,0.00968
G496V,0.005334
G496W,0.004081
G496Y,0.002073
Q498A,0.004746
Q498C,0.003204
Q498D,0.004619
Q498E,0.004692
Q498F,0.004497
Q498G,0.00583
Q498H,0.005055
Q498I,0.0041
Q498K,0.003952
Q498L,0.004909
Q498M,0.005431
Q498N,0.002374
Q498R,0.005236
Q498S,0.007132
Q498T,0.009101
Q498V,0.004834
Q498W,0.004004
Q498Y,0.004128
P499A,0.00487
P499C,0.004552
P499D,0.005182
P499E,0.004508
P499F,0.003776
P499G,0.007472
P499H,0.004506
P499K,0.002042
P499L,0.002922
P499M,0.004572
P499N,0.00368
P499Q,0.004767
P499R,0.007062
P499S,0.003422
P499T,0.006144
P499V,0.005088
P499Y,0.003306
T500A,0.003323
T500C,0.004068
T500D,0.005151
T500E,0.004
T500F,0.005099
T500G,0.0113
T500H,0.002717
T500I,0.007436
T500K,0.005333
T500L,0.006472
T500M,0.00476
T500N,0.003676
T500P,0.008405
T500Q,0.00442
T500R,0.005769
T500S,0.003447
T500V,0.007854
T500W,0.003839
T500Y,0.004147
N501A,0.002077
N501C,0.005728
N501E,0.00182
N501F,0.004494
N501G,0.005202
N501H,0.003969
N501I,0.002279
N501L,0.004629
N501M,0.004938
N501P,0.004789
N501Q,0.007122
N501R,0.004867
N501S,0.003301
N501T,0.00386
N501V,0.004567
N501W,0.00341
N501Y,0.003573
V503A,0.004321
V503C,0.00679
V503D,0.004845
V503E,0.00274
V503F,0.003354
V503G,0.009837
V503H,0.004479
V503I,0.004764
V503K,0.005583
V503L,0.005242
V503M,0.006603
V503N,0.004864
V503Q,0.004978
V503R,0.006811
V503S,0.006689
V503T,0.005599
V503W,0.003594
V503Y,0.006569
G504A,0.002568
G504C,0.009764
G504D,0.00435
G504E,0.005476
G504F,0.004737
G504H,0.008966
G504I,0.01009
G504K,0.005499
G504L,0.006836
G504M,0.004847
G504N,0.002768
G504P,0.007636
G504Q,0.004641
G504R,0.00594
G504S,0.005146
G504T,0.005392
G504V,0.00802
G504W,0.003832
G504Y,0.006358
Y505F,0.004974
Y505H,0.005425
Y505M,0.005075
Y505N,0.00902
Y505Q,0.01043
Y505W,0.00438
Q506A,0.009133
Q506E,0.01033
Q506H,0.005917
Q506N,0.002771
P507A,0.004505
Y508A,0.008259
Y508F,0.004399
Y508H,0.001975
Y508M,0.004373
Y508N,0.009724
Y508T,0.01107
Y508V,0.00479
Y508W,0.004739
V510I,0.004842
V512I,0.00711
L513I,0.004739
L513M,0.005125
S514A,0.005684
S514C,0.003887
S514F,0.005332
S514G,0.004014
S514H,0.004509
S514I,0.08668
S514K,0.009193
S514L,0.01118
S514M,0.007106
S514N,0.003228
S514Q,0.004961
S514R,0.00627
S514T,0.004163
S514V,0.006147
S514W,0.004638
S514Y,0.006469
F515L,0.006285
F515M,0.00427
E516D,0.004324
E516H,0.004293
E516K,0.002278
E516N,0.004179
E516P,0.004471
E516Q,0.002427
E516R,0.004682
E516S,0.005445
E516T,0.002479
L517D,0.001802
L517E,0.004638
L517F,0.003357
L517G,0.002427
L517H,0.006233
L517I,0.004687
L517K,0.00529
L517M,0.00482
L517N,0.0009178
L517P,0.004888
L517Q,0.004003
L517R,0.002436
L517S,0.002106
L517T,0.003798
L517V,0.00565
L517Y,0.004383
L518F,0.006592
L518H,0.0002223
L518I,0.004414
L518M,0.004207
L518N,0.00248
L518P,0.004673
L518Q,0.004726
L518R,0.003601
L518S,0.004061
L518T,0.002135
L518V,0.005399
L518W,0.006888
L518Y,0.005623
H519A,0.002185
H519C,0.003647
H519D,0.002153
H519F,0.005162
H519G,0.00238
H519I,0.007119
H519L,0.004706
H519N,0.003963
H519P,0.004764
H519Q,0.01018
H519R,0.003908
H519S,0.003834
H519T,0.004273
H519V,0.007282
H519W,0.004702
H519Y,0.007496
A520C,0.006484
A520D,0.003735
A520E,0.004319
A520F,0.005846
A520G,0.003936
A520H,0.003787
A520I,0.006168
A520K,0.0049
A520L,0.006462
A520M,0.004247
A520N,0.00349
A520P,0.004791
A520R,0.0036
A520S,0.002541
A520T,0.0048
A520V,0.004439
A520Y,0.003766
P521C,0.003027
P521D,0.004719
P521F,0.004521
P521G,0.002283
P521H,0.004143
P521N,0.003437
P521R,0.004964
P521S,0.003429
P521T,0.004612
A522C,0.004727
A522D,0.003783
A522E,0.004869
A522F,0.004735
A522G,0.002197
A522H,0.00526
A522I,0.002731
A522K,0.0039
A522L,0.00597
A522M,0.004186
A522N,0.003978
A522P,0.004669
A522R,0.006164
A522S,0.003661
A522T,0.005693
A522V,0.005857
A522W,0.008671
A522Y,0.002131
T523I,0.002457
T523N,0.002236
T523Y,0.001601
V524A,0.00493
V524G,0.003725
V524I,0.002793
V524L,0.002184
C525A,0.006609
C525D,0.001983
C525F,0.005066
C525G,0.002212
C525I,0.005103
C525K,0.002736
C525L,0.006909
C525M,0.00444
C525N,0.2389
C525R,0.006579
C525S,0.009388
C525T,0.005941
C525W,0.002427
C525Y,0.004806
G526A,0.002916
G526C,0.002336
G526D,0.004768
G526E,0.003869
G526K,0.002241
G526L,0.005297
G526N,0.004659
G526P,0.004243
G526R,0.004448
G526S,0.00647
G526T,0.004307
G526V,0.004174
G526W,0.004425
G526Y,0.002427
P527A,0.003831
P527C,0.002121
P527D,0.002659
P527E,0.004706
P527F,0.003179
P527G,0.003613
P527H,0.003647
P527I,0.004484
P527K,0.005309
P527L,0.005319
P527M,0.002094
P527N,0.002115
P527Q,0.004249
P527R,0.003884
P527S,0.005373
P527T,0.005896
P527V,0.005156
P527W,0.002316
P527Y,0.00431
K528A,0.004926
K528C,0.00456
K528D,0.00262
K528E,0.004237
K528F,0.006448
K528G,0.004878
K528H,0.00477
K528I,0.003518
K528L,0.005049
K528M,0.004373
K528N,0.004719
K528P,0.004853
K528Q,0.004649
K528R,0.004537
K528S,0.004305
K528T,0.003782
K528V,0.003642
K528W,0.002859
K528Y,0.003638
K529C,0.005781
K529D,0.004605
K529E,0.005744
K529F,0.002313
K529G,0.004919
K529H,0.005035
K529I,0.004171
K529L,0.003299
K529M,0.004261
K529N,0.005717
K529P,0.004876
K529Q,0.005826
K529R,0.005776
K529S,0.003446
K529T,0.004924
K529V,0.003899
K529W,0.004175
K529Y,0.0064
S530A,0.002814
S530C,0.004372
S530D,0.004659
S530E,0.002027
S530F,0.00442
S530G,0.003883
S530H,0.004339
S530I,0.003515
S530K,0.00457
S530L,0.00228
S530M,0.004006
S530N,0.00425
S530P,0.003713
S530Q,0.00514
S530R,0.003297
S530T,0.003156
S530V,0.0003842
S530W,0.003668
S530Y,0.002599
T531A,0.004635
T531C,0.003723
T531D,0.004493
T531E,0.002062
T531F,0.003745
T531G,0.005677
T531H,0.005674
T531I,0.006628
T531K,0.003363
T531M,0.001766
T531N,0.004403
T531P,0.003031
T531Q,0.005058
T531R,0.003383
T531S,0.001925
T531V,0.005977
T531W,0.005851
T531Y,0.004412
