mutation,BA.5,BA.5.2.1,BF.5,BF.7,BQ.1,BQ.1.1,XBB,XBB.1,XBB.1.5,XBB.1.9,XBB.1.16,EG.5.1,HK.3,JN.1
S477N,0.9339276,0.9654232,0.97362566,0.95810765,0.96076214,0.9608992,0.90486676,0.8218021,0.97762316,0.838033,0.9349864,0.9747732,0.98840433,0.96970737
S373P,0.95492387,0.9757565,0.9878094,0.97899723,0.96072453,0.9555678,0.86676943,0.85533494,0.9551033,0.8672627,0.89359325,0.9038013,0.96858543,0.9761435
E484A,0.93782413,0.9665553,0.9764995,0.96086276,0.9660152,0.9664039,0.9011231,0.790391,0.9801437,0.8008941,0.92478144,0.9751188,0.9932551,0.000858148
S375F,0.9494856,0.9718483,0.9857583,0.97560054,0.9557162,0.9528543,0.8592821,0.8590103,0.9539861,0.87861073,0.883073,0.8949028,0.9601312,0.970823
N501Y,0.92714375,0.9602976,0.9737647,0.9472006,0.96464074,0.9602178,0.93767893,0.8757578,0.98617,0.8837689,0.9281926,0.9841037,0.9949644,0.9637861
Y505H,0.92285484,0.95825976,0.9741587,0.9482007,0.96513027,0.9600385,0.93657786,0.88182026,0.97546035,0.8868638,0.918475,0.97956806,0.9940867,0.9676478
Q498R,0.9226586,0.95776427,0.9721424,0.9458042,0.9591053,0.9577852,0.9295309,0.86158687,0.9848987,0.8731087,0.927476,0.97831535,0.99482584,0.9627564
T478K,0.9358058,0.9663486,0.97422826,0.9580888,0.963078,0.961461,0.9042061,0.82335556,0.9703257,0.8201513,0.001576609,0.95688987,0.9822138,0.9692783
K417N,0.9139405,0.94776565,0.946417,0.9529372,0.8987234,0.9062345,0.798943,0.79061836,0.88436264,0.8249656,0.8428551,0.8877322,0.96313405,0.956921
N440K,0.86802346,0.9136286,0.9288959,0.91195065,0.9489381,0.93759525,0.830654,0.85302365,0.94610524,0.8672627,0.9242941,0.96466523,0.98743415,0.9637861
G339D,0.95938104,0.9758878,0.9893738,0.974808,0.9703457,0.9669956,0.061880644,0.002462868,0.000797992,0.003094911,0.001146625,0.000431965,0.0000924,0.011241741
D405N,0.95626944,0.97646207,0.98281497,0.9818089,0.9636805,0.961975,0.8773398,0.87238556,0.9632098,0.8762036,0.90348285,0.9302376,0.98128986,0.9796619
T376A,0.94421554,0.96668655,0.9822703,0.9709207,0.950482,0.94818634,0.8561991,0.853592,0.95373845,0.8758597,0.88206965,0.8988769,0.964982,0.969879
S371F,0.9373476,0.9663748,0.983545,0.9716378,0.95379573,0.94801897,0.7553402,0.86545163,0.954652,0.8813618,0.8923606,0.90453565,0.96766144,0.9739981
R408S,0.87668544,0.9349548,0.9377955,0.94931406,0.9320116,0.9245417,0.80400795,0.8127842,0.92081714,0.78988993,0.8652143,0.9111879,0.96257967,0.96387196
Q493R,0.00151375,0.000118133,0.0000464,0.000150963,0.0000188,0.00000598,0,0.0000758,0.000011,0,0,0,0.0000462,0
G446S,0.001738009,0.000639886,0.000266525,0.000396279,0.000527188,0.000657458,0.80709094,0.8243028,0.9445478,0.8425034,0.92982656,0.96241903,0.98775756,0.95975286
F486V,0.91778094,0.96725756,0.9772759,0.9616364,0.96110106,0.9648738,0.006166043,0.002046075,0.000522823,0.001719395,0.000143328,0,0,0
S371L,0.000504583,0.0000656,0,0,0.000131797,0.0000418,0.000880863,0.0000379,0,0,0,0.0000864,0.0000462,0.0000858
G496S,0.0000561,0.0000295,0.0000348,0.0000377,0.0000565,0.000012,0,0.0000758,0.0000385,0,0.0000573,0,0,0
R346T,0.021753147,0.010878054,0.001680263,0.9549563,0.039501432,0.95898056,0.8090729,0.9374053,0.9662752,0.9133425,0.95450765,0.9473866,0.9588377,0.004634
N460K,0.003896504,0.001273208,0.00017382,0.000660465,0.94675404,0.9438172,0.84849155,0.8548803,0.9528634,0.86004126,0.9374516,0.95948166,0.98932827,0.9641294
R346K,0.004288958,0.000226421,0.000104292,0.000735946,0.0000941,0.000137469,0.000660647,0.000151561,0.0000055,0,0.0000287,0.00012959,0,0.0000858
G339H,0.00081294,0.000118133,0,0.0000755,0.00080961,0.000376544,0.8262497,0.9369885,0.96832246,0.94016504,0.96878314,0.9661339,0.97893375,0.9677336
F490S,0.000336389,0.0000623,0.0000695,0.0000944,0.00050836,0.000436313,0.85443735,0.8200591,0.98228455,0.8366575,0.93211985,0.97304535,0.9949182,0.000772333
F486P,0.000168194,0.00000328,0,0,0.0000941,0.0000956,0.053512443,0,0.9779699,0.3854883,0.92165685,0.97390926,0.99136096,0.9594096
L368I,0.0000841,0.000101725,0.0000232,0,0.0006025,0.000185284,0.75710195,0.8548045,0.95466304,0.8768913,0.8973198,0.9049244,0.9690474,0.000943963
V445P,0.000392454,0.00000656,0,0.0000189,0.000131797,0.0000418,0.7716362,0.80194753,0.94124573,0.8311554,0.92793465,0.9606047,0.9871108,0.001029778
K444T,0.0030275,0.001443844,0.000254937,0.000339668,0.94221646,0.94129497,0.005725611,0.012503789,0.000544836,0.001719395,0.0000573,0.0000432,0.0000462,0
L452R,0.088722564,0.35839826,0.07313201,0.86934125,0.21055505,0.09394481,0.003303237,0.001174598,0.000451278,0.002751032,0.000487315,0.006306695,0.000415781,0
F456L,0.0000561,0.0000394,0.0000232,0.000113223,0.000244766,0.000561828,0.000440432,0.011101849,0.005773062,0.02647868,0.009660313,0.9563715,0.9803659,0.001201407
T478R,0.000336389,0.000318302,0.0000579,0.002019135,0.000903751,0.001350778,0.003083021,0.00140194,0.005519906,0.008253095,0.93211985,0.01663067,0.006282916,0.00017163
F486S,0.000168194,0.00000656,0,0.0000189,0.000150625,0.0000837,0.79343754,0.76708853,0.000687924,0.392022,0.001261287,0.000475162,0.000923958,0
K356T,0.000308356,0.000147666,0.0000232,0.0000944,0.00020711,0.0000777,0.003523453,0.000719915,0.000319197,0.001375516,0.000630644,0.001684665,0.000970156,0.9714237
L455F,0.000028,0.0000886,0.0000348,0.0000755,0.000131797,0.000155399,0.000220216,0.010457714,0.002779215,0.008253095,0.004471836,0.035377968,0.98554003,0.000343259
N450D,0.008073333,0.001181327,0.000857514,0.0000755,0.0000377,0,0.000660647,0.000189451,0.000209129,0,0.000086,0.000172786,0.000554375,0.9600961
P521S,0.000280324,0.000210014,0.000208584,0.0000377,0.00030125,0.00017333,0.0041841,0.002083965,0.002762705,0.002751032,0.008399026,0.000215983,0.00110875,0
L452M,0.000028,0.00000984,0,0,0,0,0.000440432,0.000151561,0.000033,0,0,0.0000432,0.000970156,0
R403K,0.000224259,0.0000295,0,0.0000944,0.000188281,0.0000956,0.003963884,0.000985147,0.000236646,0.001031637,0.000143328,0.00012959,0.000138594,0.88809747
N481K,0.0000841,0.0000328,0.0000232,0.0000189,0.0000753,0.000286891,0.000220216,0.000151561,0.000253156,0.000343879,0.000745306,0.001641469,0.001616927,0.9535742
I332V,0,0.0000164,0,0,0.0000188,0.000012,0,0.0000379,0.0000385,0,0.0000287,0.000388769,0.000138594,0.9759719
K417T,0.000168194,0.0000131,0,0.0000189,0.0000188,0.000012,0.000440432,0,0.0000055,0,0.000114662,0,0,0
V445H,0,0,0,0,0,0,0,0.000113671,0.000044,0.000343879,0.0000573,0.000215983,0.000138594,0.9575217
L452W,0,0.00000656,0,0,0,0,0,0,0.0000055,0,0,0.0000864,0,0.95108557
E484K,0,0.00000656,0,0,0.0000188,0.0000239,0.000220216,0,0.000011,0,0,0.0000432,0,0.86509913
K444N,0.002130463,0.003163332,0.001089274,0.000641594,0.0000377,0.0000179,0.000220216,0.000151561,0.0000881,0,0.0000287,0.0000864,0.0000462,0
K444R,0.001681944,0.002569387,0.003580699,0.00315136,0,0.0000657,0.002422374,0.000454683,0.0003247,0,0.0000573,0.000950324,0.0000924,0.000514889
L455S,0.0000561,0.0000197,0.0000232,0.0000189,0.0000188,0.0000179,0,0,0.0000165,0,0.0000287,0.000215983,0,0.9579508
V445A,0.001149329,0.003291309,0.0041601,0.000849169,0.00020711,0.001440431,0.005725611,0.000454683,0.000159598,0,0.000257991,0.00012959,0,0
A475V,0.0000561,0.00000328,0.0000116,0.000188704,0.0000941,0.000131492,0.000220216,0.0000758,0.002344447,0.000343879,0.000171994,0.00012959,0.010117343,0.000257444
R346S,0.000672778,0.000495501,0.001657087,0,0.00030125,0.0000179,0.000220216,0,0.000011,0,0,0,0,0
P521T,0.000028,0.0000164,0,0,0.0000377,0.0000179,0.006386259,0.001856623,0.000434768,0.002063274,0.000143328,0,0,0
E484R,0,0.00000656,0,0,0,0,0.000220216,0.0000758,0,0,0.0000287,0,0,0
R346I,0.001289491,0.001401185,0.000382405,0.000358538,0.000715469,0.000364591,0.002202158,0.003296454,0.000792489,0,0.000143328,0.000475162,0.000323385,0.00017163
F486I,0,0.000173918,0.0000116,0.000150963,0.0000565,0.0000538,0.000220216,0,0,0,0.0000287,0,0,0
G339N,0,0.00000984,0,0.0000189,0.0000377,0.000412406,0.001101079,0.0000758,0.000214632,0.000343879,0.0000287,0,0,0
K444M,0.001149329,0.000505346,0.0000695,0,0.000979063,0.000830788,0.000660647,0.000113671,0.0000275,0.000343879,0.0000287,0.0000432,0.0000924,0.0000858
S494P,0.001093264,0.00051519,0.000289701,0.000735946,0.001939298,0.000298845,0.000440432,0.001212489,0.002724181,0.002407153,0.002465243,0.01637149,0.000923958,0.0000858
G446D,0.000925069,0.000331428,0.001772968,0.0000377,0.0000188,0.00000598,0,0,0,0,0,0,0,0
V511I,0,0.00000328,0.0000232,0,0,0.0000359,0.000220216,0.0000758,0.000544836,0,0.0000287,0.0000864,0.000277187,0
I410V,0,0,0.0000232,0,0.0000377,0.0000239,0,0.0000758,0.000577857,0.000343879,0.0000287,0.0000432,0,0
F486A,0.000196227,0.000164073,0.000104292,0.000150963,0.00050836,0.001195379,0.000660647,0.000833586,0,0,0,0,0.0000462,0
F490P,0,0,0,0,0,0,0.002202158,0.00136405,0.000847523,0.010316368,0.006822417,0.005269978,0.00087776,0
T470N,0.000028,0.000023,0.0000116,0.000150963,0.0000188,0.000012,0,0.000113671,0.000126578,0.000343879,0.000171994,0.000734341,0.0000924,0
S371Y,0,0,0,0,0,0.00000598,0,0,0,0,0,0,0,0
R357K,0.000252292,0.000298613,0.0000464,0,0.0000941,0.0000717,0,0.0000379,0.0000275,0,0.0000573,0,0,0
T478I,0.0000561,0.000023,0.0000348,0.0000566,0.000282422,0.000430336,0.000220216,0.000113671,0.000385238,0.001375516,0.000086,0.000259179,0,0.0000858
Y453F,0,0.0000164,0,0,0,0.0000299,0.001321295,0.000341012,0.0000165,0.001031637,0.0000287,0.0000432,0,0
A348S,0.0000561,0.000180481,0.000127468,0.000132093,0.000225938,0.000388498,0.001101079,0.000568354,0.00061638,0,0.00163394,0.000172786,0.00332625,0
A348T,0,0,0,0,0,0.0000598,0,0.0000379,0.000231143,0,0.0000573,0.0000432,0.000184792,0
V445S,0,0,0,0.0000189,0,0,0,0.0000758,0.00055034,0.000343879,0.0000287,0,0.00023099,0
L518V,0,0.00000328,0.0000232,0,0.0000753,0,0,0,0,0,0.0000287,0,0,0
Y451H,0,0.00000328,0,0,0,0.00000598,0,0.0000379,0.000137585,0,0.0000573,0,0.0000924,0
A411S,0.0000561,0.0000164,0,0.0000755,0.000169453,0.0000837,0,0.000113671,0.000187115,0,0.000802637,0.000475162,0.001016354,0.000257444
Y449H,0,0.00000656,0,0,0,0,0,0,0.0000055,0,0,0,0,0
T478N,0,0.00000984,0,0,0,0.00017333,0,0.000227342,0.000511816,0.000343879,0,0,0,0
L452Q,0.000140162,0.0000656,0,0.0000377,0.0000188,0,0,0.0000758,0.000137585,0,0.000143328,0.000215983,0.006051926,0
T478Q,0,0.000023,0,0.0000944,0,0.000245053,0.000220216,0,0.000066,0.000343879,0,0,0.0000924,0
Y449N,0,0,0,0,0,0,0,0,0.0000055,0,0,0,0,0
G476S,0,0.000137822,0.000104292,0.000113223,0.000150625,0.000215168,0.000440432,0.000227342,0.00030819,0,0.000372653,0.0000864,0.000184792,0.0000858
L513F,0,0.000121414,0.0000232,0.000301927,0.00020711,0.000113561,0,0.0000758,0.000363224,0.001031637,0.000343987,0.000259179,0.0000924,0.000429074
G485D,0,0,0,0,0.0000565,0.0000777,0,0,0.000264163,0,0.0000573,0.0000432,0.000184792,0
E471Q,0.000476551,0.000177199,0.000162232,0.000320797,0.0000188,0.0000239,0,0,0.000286177,0,0.0000573,0,0.0000462,0
T523N,0,0.0000164,0.0000116,0,0.0000188,0.00000598,0.000220216,0.0000758,0.000044,0,0.000086,0.0000864,0,0
L455W,0,0,0,0,0,0,0,0,0.0000055,0.005502063,0,0.0000432,0,0
N354D,0.0000561,0.00000984,0.0000116,0.000113223,0.000112969,0.00000598,0,0,0.000033,0,0.0000287,0,0,0
N481S,0.000028,0.0000295,0,0.0000566,0.0000753,0.000472175,0.000220216,0.000113671,0.000467789,0,0.000171994,0.000345572,0.000369583,0
N460H,0.000028,0.000082,0.0000232,0.001887042,0,0,0,0,0,0,0,0,0,0
D420N,0.0000841,0.00015751,0.0000232,0.001283188,0.0000565,0.0000418,0.000220216,0.0000379,0.000104565,0,0,0.000172786,0,0
N460S,0.017968772,0.000685826,0.000301289,0.001981394,0,0.000012,0,0,0.0000165,0,0.0000287,0,0,0
T430I,0.000224259,0.000616915,0.000359229,0.000792558,0.000320078,0.000292868,0.000220216,0.000189451,0.000451278,0,0.00071664,0.000604752,0.000323385,0.000343259
L518Q,0.000028,0.000023,0,0,0.0000188,0.00000598,0,0.0000758,0.000022,0,0.000143328,0,0.000138594,0
K529N,0,0,0.0000232,0.0000189,0.0000188,0.0000179,0.000220216,0.000227342,0.000731952,0,0.000286656,0.0000432,0.000323385,0.0000858
R346E,0,0,0,0,0,0,0,0,0,0,0.0000287,0,0,0
F490V,0.000028,0,0,0.0000189,0,0.0000299,0,0.000416793,0,0,0,0,0,0
N450I,0.000028,0.00000656,0,0,0,0,0,0,0.0000495,0,0,0.0000864,0.0000924,0
A522P,0.001233426,0.000249391,0.0000579,0.0000377,0.0000188,0.000352637,0,0.0000758,0.000137585,0,0.000114662,0.0000432,0.0000924,0
A435S,0.000196227,0.001653858,0.0000116,0.000150963,0.0000565,0,0.000220216,0,0,0,0.0000573,0,0,0
G446R,0,0.0000492,0.0000116,0.0000377,0.0000188,0.0000897,0,0,0.0000165,0,0.0000287,0,0,0
V483A,0,0.00000984,0.0000116,0,0.0000188,0.000107584,0,0.0000758,0.0000605,0,0.0000287,0.000302376,0.00023099,0
K444Q,0,0.0000295,0,0,0,0,0,0,0,0,0,0,0,0
S514T,0,0,0,0,0,0,0,0.0000758,0,0,0,0,0,0
N388K,0,0.00000656,0,0,0,0.00000598,0,0,0,0,0,0,0,0
N334K,0.0000561,0.0000131,0.0000116,0,0.0000188,0.0000239,0,0.000151561,0.000011,0,0.0000287,0.0000864,0,0
Q493L,0.00011213,0.00000656,0,0,0.0000565,0.0000777,0,0.000492574,0.000572353,0.000343879,0.0000573,0.000345572,0.0000462,0
E340K,0.0000561,0.0000492,0.00011588,0.000169834,0.000734297,0.000125515,0,0.0000379,0.000033,0,0.000086,0,0.000138594,0
N481Y,0,0.00000328,0,0,0.0000377,0.0000478,0,0,0.000132081,0.000343879,0.0000287,0.0000864,0.000184792,0
E484T,0,0.00011157,0.0000811,0.0000944,0.0000565,0.0000777,0.000880863,0.000341012,0.000115571,0,0.0000287,0.0000864,0,0
P479L,0.0000841,0.0000984,0.000127468,0.000150963,0.000470703,0.000669412,0,0.000113671,0.000500809,0.000687758,0.0000287,0.0000864,0.001940312,0
K462R,0.000028,0.0000263,0,0,0,0.0000179,0,0,0.0000275,0,0,0,0,0
D427Y,0.000028,0.0000361,0.0000811,0.0000755,0.0000565,0.0000777,0,0.0000379,0.000176109,0.000343879,0.0000287,0.0000432,0,0.0000858
N460Y,0.0000841,0.000127977,0.0000116,0.000868039,0,0,0,0,0,0,0,0,0,0
A348V,0.000028,0.00000328,0,0.0000189,0,0.0000179,0,0.0000379,0.000231143,0,0.0000573,0,0.000184792,0
K417S,0.000028,0.0000164,0,0.0000189,0.0000941,0.000012,0,0.0000379,0.000033,0,0.000114662,0,0,0
F490L,0.0000841,0.0000328,0,0.000283056,0.000131797,0.000137469,0.000220216,0,0,0,0,0,0,0
T470I,0.0000561,0.000183762,0.0000695,0.000320797,0.000658985,0.000322752,0.000220216,0.000113671,0.000242149,0.000343879,0.000086,0.000518359,0.0000462,0.00017163
N450K,0,0,0,0,0,0.000012,0.000220216,0.0000379,0.0000495,0,0,0.0000432,0,0
E340Q,0,0.0000394,0.0000116,0.001151095,0.0000188,0.000191261,0.000660647,0.000303122,0.000764972,0.001031637,0.000401319,0.000302376,0.000923958,0.0000858
A475S,0.0000841,0.0000328,0.0000116,0.000132093,0.000112969,0.0000598,0.000440432,0.0000379,0.0000165,0,0.000286656,0,0.0000924,0.0000858
E484V,0.000532616,0.000728485,0.000336053,0.001019003,0.00030125,0.000460221,0.001101079,0.000265232,0.000115571,0.000343879,0.000086,0.00012959,0.000554375,0
K458M,0,0.00000328,0,0,0.0000188,0,0,0,0,0,0,0,0,0
F490I,0.000028,0.00000656,0.0000116,0,0.0000188,0.000012,0,0,0,0,0.0000287,0,0,0
F490A,0,0,0,0,0,0,0.000220216,0.001136708,0.000022,0,0,0,0,0
S477D,0.000252292,0.0000197,0,0,0,0,0,0.0000758,0.0000275,0,0,0.0000432,0,0
Q414E,0.000028,0.00000328,0,0,0,0.00000598,0,0,0.000011,0,0,0,0,0
E484Q,0,0,0,0,0,0,0,0,0,0,0,0.0000432,0,0
S349P,0,0.00000328,0,0,0.0000565,0.0000299,0,0.000151561,0.000319197,0,0.0000287,0,0.00023099,0.0000858
Q414R,0.000028,0,0,0,0,0,0,0,0.000011,0,0,0,0,0
G446V,0.000224259,0.000262517,0.0000232,0.000358538,0.000112969,0.000143445,0,0,0.0000055,0,0,0,0,0