mutation,S477N,S373P,E484A,S375F,N501Y,Y505H,Q498R,T478K,K417N,N440K,G339D,D405N,T376A,S371F,R408S,G446S,F486V,R346T,N460K,G339H,F490S,F486P,L368I,V445P,K444T,L452R,F456L,T478R,F486S,K356T,L455F,N450D,R403K,N481K,I332V,V445H,L452W,E484K,L455S
BA.5,0.9339276,0.95492387,0.93782413,0.9494856,0.92714375,0.92285484,0.9226586,0.9358058,0.9139405,0.86802346,0.95938104,0.95626944,0.94421554,0.9373476,0.87668544,0.001738009,0.91778094,0.021753147,0.003896504,0.00081294,0.000336389,0.000168194,0.0000841,0.000392454,0.0030275,0.088722564,0.0000561,0.000336389,0.000168194,0.000308356,0.000028,0.008073333,0.000224259,0.0000841,,,,,0.0000561
BA.5.2.1,0.9654232,0.9757565,0.9665553,0.9718483,0.9602976,0.95825976,0.95776427,0.9663486,0.94776565,0.9136286,0.9758878,0.97646207,0.96668655,0.9663748,0.9349548,0.000639886,0.96725756,0.010878054,0.001273208,0.000118133,0.0000623,0.00000328,0.000101725,0.00000656,0.001443844,0.35839826,0.0000394,0.000318302,0.00000656,0.000147666,0.0000886,0.001181327,0.0000295,0.0000328,0.0000164,,0.00000656,0.00000656,0.0000197
BF.5,0.97362566,0.9878094,0.9764995,0.9857583,0.9737647,0.9741587,0.9721424,0.97422826,0.946417,0.9288959,0.9893738,0.98281497,0.9822703,0.983545,0.9377955,0.000266525,0.9772759,0.001680263,0.00017382,,0.0000695,,0.0000232,,0.000254937,0.07313201,0.0000232,0.0000579,,0.0000232,0.0000348,0.000857514,,0.0000232,,,,,0.0000232
BF.7,0.95810765,0.97899723,0.96086276,0.97560054,0.9472006,0.9482007,0.9458042,0.9580888,0.9529372,0.91195065,0.974808,0.9818089,0.9709207,0.9716378,0.94931406,0.000396279,0.9616364,0.9549563,0.000660465,0.0000755,0.0000944,,,0.0000189,0.000339668,0.86934125,0.000113223,0.002019135,0.0000189,0.0000944,0.0000755,0.0000755,0.0000944,0.0000189,,,,,0.0000189
BQ.1,0.96076214,0.96072453,0.9660152,0.9557162,0.96464074,0.96513027,0.9591053,0.963078,0.8987234,0.9489381,0.9703457,0.9636805,0.950482,0.95379573,0.9320116,0.000527188,0.96110106,0.039501432,0.94675404,0.00080961,0.00050836,0.0000941,0.0006025,0.000131797,0.94221646,0.21055505,0.000244766,0.000903751,0.000150625,0.00020711,0.000131797,0.0000377,0.000188281,0.0000753,0.0000188,,,0.0000188,0.0000188
BQ.1.1,0.9608992,0.9555678,0.9664039,0.9528543,0.9602178,0.9600385,0.9577852,0.961461,0.9062345,0.93759525,0.9669956,0.961975,0.94818634,0.94801897,0.9245417,0.000657458,0.9648738,0.95898056,0.9438172,0.000376544,0.000436313,0.0000956,0.000185284,0.0000418,0.94129497,0.09394481,0.000561828,0.001350778,0.0000837,0.0000777,0.000155399,,0.0000956,0.000286891,0.000012,,,0.0000239,0.0000179
XBB,0.90486676,0.86676943,0.9011231,0.8592821,0.93767893,0.93657786,0.9295309,0.9042061,0.798943,0.830654,0.061880644,0.8773398,0.8561991,0.7553402,0.80400795,0.80709094,0.006166043,0.8090729,0.84849155,0.8262497,0.85443735,0.053512443,0.75710195,0.7716362,0.005725611,0.003303237,0.000440432,0.003083021,0.79343754,0.003523453,0.000220216,0.000660647,0.003963884,0.000220216,,,,0.000220216,
XBB.1,0.8218021,0.85533494,0.790391,0.8590103,0.8757578,0.88182026,0.86158687,0.82335556,0.79061836,0.85302365,0.002462868,0.87238556,0.853592,0.86545163,0.8127842,0.8243028,0.002046075,0.9374053,0.8548803,0.9369885,0.8200591,,0.8548045,0.80194753,0.012503789,0.001174598,0.011101849,0.00140194,0.76708853,0.000719915,0.010457714,0.000189451,0.000985147,0.000151561,0.0000379,0.000113671,,,
XBB.1.5,0.97762316,0.9551033,0.9801437,0.9539861,0.98617,0.97546035,0.9848987,0.9703257,0.88436264,0.94610524,0.000797992,0.9632098,0.95373845,0.954652,0.92081714,0.9445478,0.000522823,0.9662752,0.9528634,0.96832246,0.98228455,0.9779699,0.95466304,0.94124573,0.000544836,0.000451278,0.005773062,0.005519906,0.000687924,0.000319197,0.002779215,0.000209129,0.000236646,0.000253156,0.0000385,0.000044,0.0000055,0.000011,0.0000165
XBB.1.9,0.838033,0.8672627,0.8008941,0.87861073,0.8837689,0.8868638,0.8731087,0.8201513,0.8249656,0.8672627,0.003094911,0.8762036,0.8758597,0.8813618,0.78988993,0.8425034,0.001719395,0.9133425,0.86004126,0.94016504,0.8366575,0.3854883,0.8768913,0.8311554,0.001719395,0.002751032,0.02647868,0.008253095,0.392022,0.001375516,0.008253095,,0.001031637,0.000343879,,0.000343879,,,
XBB.1.16,0.9349864,0.89359325,0.92478144,0.883073,0.9281926,0.918475,0.927476,0.001576609,0.8428551,0.9242941,0.001146625,0.90348285,0.88206965,0.8923606,0.8652143,0.92982656,0.000143328,0.95450765,0.9374516,0.96878314,0.93211985,0.92165685,0.8973198,0.92793465,0.0000573,0.000487315,0.009660313,0.93211985,0.001261287,0.000630644,0.004471836,0.000086,0.000143328,0.000745306,0.0000287,0.0000573,,,0.0000287
EG.5.1,0.9747732,0.9038013,0.9751188,0.8949028,0.9841037,0.97956806,0.97831535,0.95688987,0.8877322,0.96466523,0.000431965,0.9302376,0.8988769,0.90453565,0.9111879,0.96241903,,0.9473866,0.95948166,0.9661339,0.97304535,0.97390926,0.9049244,0.9606047,0.0000432,0.006306695,0.9563715,0.01663067,0.000475162,0.001684665,0.035377968,0.000172786,0.00012959,0.001641469,0.000388769,0.000215983,0.0000864,0.0000432,0.000215983
HK.3,0.98840433,0.96858543,0.9932551,0.9601312,0.9949644,0.9940867,0.99482584,0.9822138,0.96313405,0.98743415,0.0000924,0.98128986,0.964982,0.96766144,0.96257967,0.98775756,,0.9588377,0.98932827,0.97893375,0.9949182,0.99136096,0.9690474,0.9871108,0.0000462,0.000415781,0.9803659,0.006282916,0.000923958,0.000970156,0.98554003,0.000554375,0.000138594,0.001616927,0.000138594,0.000138594,,,
JN.1,0.96970737,0.9761435,0.000858148,0.970823,0.9637861,0.9676478,0.9627564,0.9692783,0.956921,0.9637861,0.011241741,0.9796619,0.969879,0.9739981,0.96387196,0.95975286,,0.004634,0.9641294,0.9677336,0.000772333,0.9594096,0.000943963,0.001029778,,,0.001201407,0.00017163,,0.9714237,0.000343259,0.9600961,0.88809747,0.9535742,0.9759719,0.9575217,0.95108557,0.86509913,0.9579508